group_1,group_2,p_value,p_value_bonferroni
Defender,Forward,1.4329322255183317e-18,8.59759335310999e-18
Defender,Midfielder,2.733514812220097e-18,1.640108887332058e-17
Forward,Goalkeeper,1.8072208668719132e-06,1.0843325201231479e-05
Goalkeeper,Midfielder,3.6319488314676623e-06,2.1791692988805973e-05
Defender,Goalkeeper,0.42505210909332336,1.0
Forward,Midfielder,0.8204978246570169,1.0
